battery_level,signal_strength,processing_capability,altitude,velocity_x,velocity_y,velocity_z,target_vx,target_vy,target_vz
81.91648388447706,66.33270638512315,92.92989599556913,83.68416348712367,-6.828623160288427,-4.557628274018113,0.12784040316728537,-5.7182213624040505,-3.8165127503223197,0.08948828221709976
82.8851444221563,47.68681796053275,72.51929689477836,44.49576290790975,2.722271774001319,0.23110744146425616,1.1272412069680329,2.324625936069583,0.1973492718755392,0.789068844877623
55.47313590618649,53.63432330708662,77.72923935079174,7.658070732501039,3.074576054575454,-0.17474068845188515,-0.18486236354526056,2.6860301474354245,-0.1526580409246682,-0.1294036544816824
48.36207745038947,98.2418814636942,94.65605606610988,93.40601964885143,-1.2324674267088036,1.8630821494367205,0.36544406436407834,-1.0140581754894198,1.5329197707803504,0.2558108450548548
32.34315936540383,80.98293719454728,87.23810779539086,116.1011678921052,-1.7928495517503806,-2.848204548867572,0.6159794225754956,-1.4043596826316231,-2.2310313949167986,0.43118559580284693
35.157708726742854,47.7952903201283,73.78524631129669,27.229121886106093,2.277074757386454,2.601389599212048,0.543154268305195,1.9241746939236986,2.198227361487817,0.38020798781363646
86.58078411161608,88.28586144980811,69.37391895150873,34.599372471629295,3.0500007228186643,0.7825844207113879,0.6789135630718949,2.741215883673035,0.7033548642528177,0.4752394941503264
20.588981580080443,87.2154626501283,83.2425428296016,84.61984543516022,-1.1188492572505546,-1.6463042900247844,-0.6388778482433419,-0.8953713126675056,-1.3174729514786978,-0.44921449377033934
31.183759850212596,46.871804412158404,83.42014808952358,56.531544737175906,-5.890044200655317,-1.172097604950212,0.1627530651050056,-4.826250121374749,-0.9604064104518338,0.1139271455735039
64.28635205263967,73.55242964472481,65.1975049031306,3.6981401481527287,-1.618231274325985,3.0029155844000384,-0.1913043248816149,-1.4472257552699113,2.6855844671864078,-0.1339130274171304
88.27224586145329,54.03636915192045,52.9151370844533,33.766067042639584,0.4984900762469784,2.416698739237189,-0.42725264633653426,0.4340284616292063,2.1041863940590684,-0.29907685243557397
82.71185672851308,79.85881241964324,70.31934307200353,97.68244615992415,-2.3167407937332793,-1.2706884629777513,-0.3817378939983291,-1.9412127481096189,-1.0647184397497214,-0.2672165257988303
77.78874804771603,67.71263381508325,58.06358895168009,60.12537301240363,1.6826133061706814,1.5628591161048042,0.6653851089727862,1.437915079282474,1.3355764402906838,0.46576957628095034
50.4816980877186,58.090725348872596,81.51412965594443,43.41751326640685,-5.064893653480805,-4.6294486432404085,-0.9972468276014818,-4.277764476849136,-3.9099914644488796,-0.6980727793210372
92.68645525660857,81.98242802864497,63.29349807297598,116.30116528172687,-1.2469238987149907,2.5813044896348027,-0.933617680009877,-1.038619867550691,2.1500864085573976,-0.6535323760069138
41.77932494761272,45.78345772920996,95.13011982719209,54.693154780033325,-6.04562148117322,1.5204827524105007,0.2377356023322779,-4.9898957359148435,1.2549661645890655,0.16641492163259453
34.14182263513854,91.39685704554253,87.92597649176051,86.33555471411242,0.8143667397414638,0.07648250933205007,1.6017788913209154,0.6613766353576747,0.062114207539716075,1.1212452239246407
71.9877281243856,45.066659268393344,70.79037010853048,4.993700863427097,4.757156513341528,2.9228893607010247,0.35687105914950934,4.1789122627044595,2.567604861792152,0.24980974140465653
28.27223741780413,75.25867433066273,58.529648426844304,111.01441420521566,-1.3643343110451878,-4.81840151644708,0.6351509468144043,-1.067544910490837,-3.7702342995712024,0.442605662770083
21.824309682375798,97.51355279448671,74.115171847145,93.92822727003434,2.933442987630334,6.988558120921253,2.9138624660073296,2.3354285953267477,5.563864218437378,2.0377037262051307
95.02611639799863,74.30368314256452,73.6744700528477,32.03707957102723,-2.845293833586141,-1.4537504106288988,-0.6120967990598081,-2.5464760696686937,-1.3010749850294687,-0.42846775934186565
21.728966390426436,89.57751545166147,94.80803859198834,16.82989067983329,-3.624788134890341,-5.86139030646525,-0.4863079090733309,-3.1028199327380395,-5.0173521871253035,-0.3424155363513316
42.498702707120664,79.5653580815141,86.34973071434413,92.23769903011885,3.4395882885807016,-1.7475345948870322,-1.1849437664170246,2.7861493588649773,-1.4155451125657696,-0.8294606364919171
22.993004494094382,73.291148163489,68.54611419312194,99.57476917588959,2.934712213077207,-3.1602451233045925,0.9315730128742441,2.310182039974051,-2.4877197475246207,0.6501011090119708
43.27342705120949,70.90342775390287,62.79825452838014,112.3252284058756,1.561252705187282,-1.59244218119273,-1.2256057637672482,1.234673237185961,-1.259338565981123,-0.8579240346370737
99.39004512446697,93.50063597529484,87.43040097284745,106.89509890542298,-0.415234141384589,1.0003914886089,1.3060017417068248,-0.3560276679012447,0.8577499130732608,0.9142012191947773
81.76099456887904,79.69967579006567,68.6828864436855,11.336000167381833,5.375145971985972,0.6413205302766715,-1.2244690317205003,4.87038991950468,0.5810969715259386,-0.8571283222043501
39.27764600045478,47.36547594468916,91.55563360624531,18.394117994939286,-1.3411556239759572,5.115055022847708,-1.107045682043488,-1.1451976987383314,4.367687937451581,-0.7749319774304415
44.82589383200758,86.64429029447065,98.59132130304837,60.08894234428108,-0.572050144835794,1.1815109207962675,1.4074818613137168,-0.48096141252786034,0.993376483710854,0.9852373029196017
30.54577742292168,80.65952041677144,56.091625231426555,60.75959179447596,-2.951305946025049,-4.265845711482698,-0.8781523669287508,-2.4378684433397586,-3.5237182570605796,-0.6147066568501255
84.32996209458102,82.92442777694811,86.94920019577708,15.72693018687759,-1.6945930166675247,-1.146855830266863,1.0027578253046041,-1.5375865916888491,-1.040598025528441,0.7019304777132228
73.0291370210866,97.33739542281819,64.32231134410276,110.97701151744326,-0.7835058590817483,0.8487387694492756,0.17657335845371103,-0.6521143167253938,0.7064078670278562,0.1236013509175977
28.471792300060265,48.42037582383476,70.95571596581519,115.94782945718181,6.568956139485845,-2.98635172695587,-0.2873833615491761,5.06484836065735,-2.3025604567063764,-0.20316835308442327
57.39052812442332,87.08580695513125,50.89183919884939,13.097279611888194,-2.5517934321026297,-2.289512540237288,-2.147289029738655,-2.269823271123862,-2.036524108096966,-1.5031023208170584
62.46156724792428,76.36094924200066,93.38694768880056,72.37285888064707,-1.8530379957812582,-3.069012723586559,-0.09426255425255699,-1.556177525986448,-2.577350620054764,-0.06598378797678989
89.39925054018599,67.23381292457799,62.391978147567905,28.399483559709736,-3.838749524591239,6.429197349124599,2.905067169240407,-3.406456186438914,5.705185749542806,2.0335470184682847
25.32470855641425,75.66601982538711,57.30866220963492,98.95970285476096,-3.453999774498831,-0.8584724607973842,0.777337576061744,-2.728640606262755,-0.678188468101432,0.5421363032432208
33.24253781882226,57.08320494027613,57.680669759602935,13.858807639842595,-0.8336081039113283,-0.9323562150313429,0.23216988962625595,-0.715143105850045,-0.799858010313959,0.16251892273837915
24.27055461017403,75.46862896665827,84.03572633997533,47.23565481984339,1.2311474293972122,0.18604371652253576,8.439309141418043e-05,1.022502573462429,0.15451454015864446,-0.0019409248360100738
88.09053014577648,42.608503720767516,59.074920479826204,28.409384532527522,7.326089081257082,5.506742158663348,0.3858465525565008,6.335649817411573,4.762266683506051,0.27009258678955056
23.94032959420752,62.4168483075743,76.18764743588186,12.200628348445917,4.1690003358110275,0.9196222880149847,0.4801434033916108,3.565255281406516,0.7864447002033499,0.33410038237412754
27.929051326390038,90.61449709586518,95.13265719638085,117.54848167039113,-1.6503368260748212,0.9230102152478186,0.05246679835624363,-1.2893569754754062,0.7211192531498876,0.034726758849370536
82.31970836625032,48.07313250478882,76.80340179738187,61.70674442284974,5.15022190547605,-8.98330454325954,-0.23685026450968424,4.327259021567702,-7.547846741705942,-0.16579518515677896
71.1650616989688,55.98779905005077,56.98842054769784,57.3452728828495,1.1479841929993837,6.045725749574648,-1.5338614049161376,0.968861387784137,5.102396248672327,-1.0737029834412963
49.3113959860998,59.649733864752726,68.97320398634645,82.28920145471345,-1.1705966032455684,4.550156081446355,0.582655241987707,-0.9523772098214652,3.7019285218197187,0.40785866939139487
58.47283426400629,59.70167230028133,76.77173949150016,101.82725865283494,1.5364760555840455,2.897958618789706,-0.29657095353470836,1.2344777734156391,2.3283574710927146,-0.20759966747429584
70.63341034140966,57.289336850947706,86.74465811551454,24.2885511750862,2.7382261984618146,-0.6672787012680581,1.1712470934673194,2.385089683282237,-0.5812228175898848,0.8198729654271235
27.60765985839477,83.5429376962856,54.22466094117601,112.31277872407513,-0.23433610514370293,-4.102025174081856,-0.5182798423662747,-0.18353532460350713,-3.2127636558403485,-0.36479588965639226
67.49456035730833,86.95744627777282,89.7557419491543,113.52324753807963,0.11473732506691277,-4.257960522833947,-0.6711402773965811,0.09384055430185774,-3.482470725416894,-0.46979819417760676
69.2932560019297,50.27747824556733,78.2475305736221,68.69166168406197,-8.01951328009335,1.0652835516059094,0.07203357323257792,-6.65527836853711,0.8840634499552408,0.05042350126280454
83.93957732096533,69.52919293452575,79.97967207613061,111.74834828281222,2.068172129776741,-5.535580398088798,1.475949048053509,1.6937581727154685,-4.533440135371411,1.033164333637456
72.62906280324222,65.11649804742277,88.71607080709217,80.5477695970311,3.739650445961634,0.8150730704800893,0.23440089269869593,3.1145876438972664,0.678837915702011,0.16408062488908715
41.642795272814055,61.851521066323244,65.72199901021314,18.91339783499996,1.3418785252372327,3.4993848641860312,-1.0585360819784093,1.1548555262213174,3.011661542214492,-0.7409752573848865
50.66558582219279,83.78114252064267,77.64965326264499,112.33679842061547,0.7080716714091775,2.9553481666986205,0.01142605556065933,0.5682832896457967,2.3718996904335103,0.007998238892461531
98.93052359394576,83.06561416021862,97.55973300019205,14.217429266044963,8.146785851211298,-0.7180659110311547,-2.003522292066514,7.5015873255366134,-0.6611974630817506,-1.4024656044465595
67.06063999753766,81.16578190632693,50.61513429443014,54.51815542100959,-5.607908393706238,-4.380765249371488,-1.6012779371188537,-4.82737597342964,-3.7710318046181714,-1.1208945559831975
55.385130165431455,58.115643486549494,95.92209477577771,93.7552842517819,-4.944680593623283,-8.085362028214254,0.054353585390382264,-3.99126309163351,-6.526368373990307,0.03804750977326758
42.71267502912312,90.2137947796563,55.32097659356914,119.89256765690864,-2.3183123568088897,0.4838450122053867,0.7601330853758538,-1.8375376589157015,0.383504590481384,0.5320931597630976
91.76267191173002,41.73997019226817,62.04140290205736,17.1626250199962,0.6887163382993504,2.871849663960966,-0.3937411722245721,0.6023317581197802,2.5116381897091697,-0.27561882055720044
72.50152314619922,42.16976262968177,50.27149170643502,6.198950041727871,-6.9757112986895455,-4.537653148261663,-1.4821853974428207,-6.108034380746612,-3.9732351656657707,-1.0375297782099744
87.95270743384583,43.433916409195625,90.04819268208381,111.33545162067365,0.6922652867964825,3.812261238487774,1.3276861322676916,0.553211996756604,3.0465035473050412,0.9293802925873841
23.212103963765315,52.106926643143325,56.24618396528216,60.543718823158386,4.737550613492891,0.32244330451938225,-0.8373982238274621,3.8547560903445417,0.26235926395106446,-0.5881787566792235
32.41703939528727,84.07726551610969,59.6520745434452,32.491050158136034,2.8125475678251055,6.022694409080943,-1.38218151537704,2.3942163306519775,5.12689402081772,-0.9675270607639279
24.36002519930365,76.97853819565196,52.11752757900835,106.09748536401807,-6.408170390466356,3.249039470489695,-0.605000712808731,-5.02319817595336,2.546837575674478,-0.4255004989661117
34.682658310425516,98.80163077325156,72.92803212292449,94.08971380096895,-0.6623551932774193,1.1503170079886837,0.3619218539288437,-0.5358422124372801,0.9306010080707892,0.25334529775019055
95.68195628464761,58.080557950883076,78.90086079037711,83.97311335068794,-1.1602086023403912,3.9010735560208194,0.3833771131824704,-0.9727120741062649,3.2706371442717654,0.26836397922772925
60.66821907575537,64.24206344444596,73.7084364741309,14.306103143729354,0.24283397296472545,0.5606670766097636,1.0762401574663856,0.21309400724227165,0.4920019741263278,0.7533681102264699
54.232257094508,76.65925282219769,81.73145587091315,49.41730759026843,-2.91679082082292,-5.563486226581391,-2.0729834359912918,-2.485223025596478,-4.740313900531281,-1.4510884051939041
45.363272905379034,42.16359005664182,70.92000220784303,56.89592101082044,3.8709767946755433,-3.3673189071956955,0.34770845245095694,3.1881753821810004,-2.7733576854918294,0.24339591671566985
76.16017448882971,78.87690893207261,82.62165282605159,37.94569821888517,-1.1874046935940537,3.7234803645702548,-1.141938226142404,-1.0445791839750973,3.2756061195929673,-0.7993567582996828
70.08099847528456,61.63944006701526,75.63696223033791,88.40468261786643,0.3203206236062286,2.0327198336542884,-0.056783194392691534,0.2634553169792032,1.6718587834782501,-0.03974823607488407
61.622009179245524,87.99222464583019,65.72253458721006,100.48588348140822,2.329548327097002,3.798504515560685,0.36653140723722993,1.919160813578503,3.1293366751268565,0.25657198506606094
42.44891489069247,60.047802430092744,58.64972225957969,37.66720437623871,-6.409921294752933,-1.1746257884152618,-1.9908119951239978,-5.418664637923557,-0.9929768135669738,-1.3935683965867984
88.52384188596466,62.33569439149289,57.68064495303174,72.10084895340971,-5.25876209614314,-10.375850932445779,-0.5434955079326346,-4.4568075676193235,-8.793546867261755,-0.3804468555528442
99.63715780669096,86.32629348127514,65.54807549603831,82.5198058999311,-5.4633542354805495,-1.040631769441724,0.09947747301573849,-4.753102999718975,-0.9053467470247717,0.06963423111101694
20.858211598054098,52.54345951613449,76.25441514836305,19.650156510995505,-2.409302987807658,3.1423539294369185,1.6289369476239914,-2.036438054589343,2.6560416665222535,1.1382558633367938
64.47755424227587,90.3441838529028,99.51608321631363,16.991506628252964,4.913374872232949,-1.5488749916226436,1.4550455762707113,4.395792666073066,-1.3857141996870617,1.018531903389498
80.42641382357957,66.02674163935558,73.46634670952007,18.080756857588824,-3.293927335737354,-1.5699747280992402,0.4523339506431387,-2.927110103171531,-1.3951397283372529,0.31663376545019706
38.6281827954965,57.5235598188717,74.50987712007932,70.3734207617755,-8.379911067151651,-2.7529802128645904,-1.686468151234102,-6.837350187900538,-2.2462159353338076,-1.1805277058638712
87.4870707810033,78.25532202870755,82.45745250671372,80.42439064216259,-0.5571470498302128,0.711858842169802,-1.0085360419431078,-0.4758725422442101,0.6080155625801067,-0.7059752293601754
63.162194820934296,60.30738899783956,92.22394366435933,57.90870103047527,1.0374630028303082,7.122756559558736,-0.0870941710525099,0.8732995359154173,5.995683683111114,-0.06096591973675693
92.76417950970799,75.22743643221884,92.51371494168609,40.870895470982916,-3.1107905963082145,-0.2473813357822496,0.3342951284977145,-2.7595431351665387,-0.21944886542231212,0.23400658994840012
70.46657922917939,50.65039494621805,66.94278178048025,22.99236115952398,-0.5587690759770595,-2.2852065063264924,0.5484279208297995,-0.48461914099550485,-1.981954373829289,0.3838995445808596
44.602805793662895,75.9086314934642,50.36572281465078,33.36265279209766,-3.1489317527071385,0.6644518749310505,-1.4548224852577891,-2.6991611937416446,0.5695463912105835,-1.0183757396804523
69.62861677264353,68.65035241766397,88.07162815920037,108.39934463568636,-8.434726880299563,-4.047216810928665,-0.2937789201521298,-6.841245153129971,-3.282619909851606,-0.20564524410649085
89.34411506095412,46.84624427101823,86.62067514968939,52.810643943284234,-2.9311219142981746,0.8240692890847561,1.6111161484996208,-2.4902983173276363,0.7001340865279299,1.1277813039497344
98.76624651452997,57.293694729274314,86.68767487189581,89.99802455223224,-1.4836981334694335,-5.781157018627436,-1.281069206845832,-1.238277269295187,-4.824886656460949,-0.8967484447920824
82.18745020233428,69.38198450901436,99.27700847474631,55.796814743238365,-6.212367208747449,1.8039364101528381,-0.5775388873556505,-5.357457465080838,1.5556892022570943,-0.4042772211489553
26.785541784946567,73.32770260826584,90.10298934928622,110.96420006638664,2.670242688179278,1.5683477737767126,-1.6855973173848082,2.085112040410299,1.2246755102557008,-1.1819181221693658
23.8958777851081,46.55693746687348,83.76528143337421,85.59098355740377,1.562127516400723,-2.823096165075804,-1.2826346502605217,1.238224128154769,-2.2377339564136767,-0.8998442551823651
84.06972736853056,42.93782258939675,61.72675752206493,74.6277328050295,-1.5422834754940986,0.11237685889827131,0.2689134476786009,-1.2745361611109107,0.09286773321099052,0.18823941337502065
74.18299194915178,41.776437347716794,70.0677778776694,107.47618576604363,4.769249239311694,-3.642051183793516,-2.41278033092949,3.791601136021021,-2.895467339406897,-1.688946231650643
47.842513872761145,91.20068026864357,64.94718255594528,70.83843010597788,-1.0866939166858032,-1.0017803244423422,-0.18992384102225704,-0.9095214639362087,-0.8384520178488568,-0.1329466887155799
35.007494555159305,45.08869547414579,67.09634692728302,86.11669771698811,2.4471885609321076,7.1843974368106185,0.17196033243705985,1.9501426972053881,5.725182120776526,0.12037223270594188
52.635356090502576,48.20927668177758,78.74359648115168,119.70960447155007,-4.447737307351048,-6.0573506192752635,0.16439070297730224,-3.4674890998587364,-4.722355614762877,0.11507349208411156
93.22390082284439,69.81499576782096,56.718345665653075,43.84541558389601,-3.863092442237025,2.0554070838097727,0.3194002637912288,-3.3995519832867105,1.8087745330217344,0.22358018465386015
56.262393320013075,78.07241589710783,67.16462311894539,50.44581258063325,-5.921869272094171,-0.061469892671060684,-0.9024230947925126,-5.054722609343262,-0.05246878004256171,-0.6316961663547588
42.76327000894602,93.81980792637971,61.754855844032974,39.041127662001244,1.6872339243393384,-1.8295154365938813,-2.564744341820567,1.4491441536060532,-1.5713479681901121,-1.7953210392743968
67.25958353310129,79.20635254056971,64.96916457574127,28.96464739519955,2.92532763710018,1.2227271789615035,2.3826022826840734,2.5745871280477117,1.0761248128735919,1.6678215978788513
64.91915155315077,87.51846550848245,89.19120546878568,52.60635103010315,2.187798204368538,4.381037529978182,-0.5213229186372847,1.891857288815386,3.788419684737433,-0.3649260430460993
85.17107544943062,94.15323815315392,89.37949181146696,22.22152139442811,2.767806024126462,5.244310541038562,-0.45884049314930064,2.525385265699712,4.7849829264217805,-0.32118834520451045
96.42795425502487,70.76392385800668,71.64862464338836,4.301130170179581,-7.881220517166664,-2.893467664209131,-0.7824163339614458,-7.209703487294461,-2.646930619893627,-0.547691433773012
39.68532892039508,43.931826035102944,72.75589212058811,61.930536150853484,3.8953806208109225,-0.8577122791674583,-1.0308137202711538,3.1859930925685807,-0.7015143481075035,-0.7215696041898076
50.760350239194246,43.631707049592166,84.90948628049567,24.842464982977436,1.954921357459782,-0.7753764050578019,0.6474846907094743,1.6661279321012876,-0.6608328674856494,0.453239283496632
20.132856613984043,46.72422225992185,93.1382281870439,0.14796750142897608,-0.7374150502710488,-4.255618234364458,-1.5634779478686884,-0.6336523068403235,-3.656804007791285,-1.0964345635080819
54.50616161171597,86.83486825159505,92.06018531074781,31.241825209830004,3.948066000722559,-7.98258245880173,-1.4966386899033264,3.4440436302322204,-6.963501183872816,-1.0476470829323283
74.66066861270504,53.695172527805234,66.53678710274333,111.64615411069806,-3.9905632169418066,-3.918375563446842,0.4478137167227104,-3.1955322921170435,-3.137726422294964,0.31346960170589727
32.03632092459792,42.84244120032891,56.91026858192654,110.25878322368195,0.5534167971678821,2.722185861797239,0.8070082819444706,0.42918475155701585,2.1111044492439803,0.5649057973611293
28.85035740497626,77.20895719769777,62.081945436954285,68.30544605168122,-3.572180568296681,-6.509423922909701,0.09903482100720092,-2.920724510224,-5.3223048598986145,0.06732437470504063
88.26955674738934,77.14714518561844,58.13717430524788,92.75248657623408,-3.1259571755470192,0.040079520847290454,-0.2992647038852564,-2.637981049335226,0.03382292543501865,-0.20948529271967947
56.35659442389262,76.2054672599993,99.23247668088217,43.38432943670392,-3.2229763923319465,2.9925676350404755,0.6396264094979018,-2.7660851400516417,2.5683392796730087,0.4477384866485313
68.0587135090114,52.98134171352409,70.70130468946182,38.1162761236274,2.2291719918027355,1.1927699280073707,-1.7836111297141835,1.9072024238732372,1.020492678978568,-1.2485277907999284
21.522731825398928,49.9292654549065,86.25916604254344,84.97094828203055,6.0514836930999625,4.757272101034642,0.2552134168558746,4.797430995311626,3.771419669635364,0.1766493917991122
67.50644384227581,47.56158050479759,57.185933072776706,83.17145123156418,1.38946956574594,0.21135074948545984,-1.3026521168344645,1.133209652952704,0.17237132455444115,-0.911856481784125
20.32060837866716,40.99478811385342,99.65422909652533,70.15666009609986,0.04005903682013105,0.8707555843037904,0.044212378104198057,0.032135562126825556,0.698524537729592,0.028948664672938634
62.89603304891002,77.3075217916454,63.659359575043815,6.062363564640618,-4.376104386231012,1.7892763509163714,0.39126465993323495,-3.9112460181338786,1.599207739395396,0.27388526195326446
86.8996141474081,41.08963263486184,79.78568873428637,27.753664762422268,3.5904289500983353,0.1361962241551093,-0.8450453279691511,3.1003490434916934,0.11760595715865887,-0.5915317295784057
64.28326720716892,63.76999000355494,83.8810381799897,87.09235616585207,3.8499287761972925,-0.46280029785910237,-1.2442058788608694,3.162021762834804,-0.3801069315163661,-0.8709441152026085
53.54179103206441,70.87498311313186,50.62349389706066,95.5234267572454,0.8850968523946461,-1.7638520949371366,-0.628066083725374,0.7182817581691716,-1.4314171160750213,-0.43964625860776174
91.17251373403178,63.70043440243339,84.12907991046102,17.924898764178092,-3.988001503820511,-1.6843439335289427,1.4377769399164624,-3.564225968772488,-1.5053611144521912,1.0064438579415236
88.7186288446171,94.75496464851588,60.60737037616507,56.37610658097935,-6.516458036348791,0.10188481301834221,0.03091727803269891,-5.79289933960762,0.09057197372526896,0.021642094622889234
61.361558947954336,84.50298463118409,86.55679883263977,93.95521560313018,5.465033706312506,-3.947232677120999,-0.3798065117898951,4.51787874778752,-3.2631305830628037,-0.26586455825292654
89.24580314568226,87.88584614909999,54.993123858036476,24.5276840497715,6.430853364206321,-1.175787287640517,1.9050602140644701,5.844438521178834,-1.068569928035782,1.333542149845129
50.171574428454456,83.15875202144942,94.37855442440217,47.35558657800987,1.279160654249921,11.125987877786374,0.8512855748447891,1.092195445005329,9.499786630341891,0.5958999023913523
52.73119820998377,76.1064853520625,96.76906847832474,56.116830795191575,3.180104759622389,0.10879955719903475,0.2785759145118061,2.6879466493327735,0.0919615633218198,0.19500314015826425
30.488695442097587,49.77229003327329,84.22810366968386,40.73733050506832,2.3330043401333675,-3.437067969406052,-1.4422991355594112,1.9424245527214274,-2.8616514330037828,-1.0096093948915879
80.28036504002063,92.8621631150722,63.90566784357439,24.250572197457355,-4.697613082298174,-1.4243031207039563,-0.5848741349330007,-4.2520427234773415,-1.2892074366951705,-0.40941189445310044
40.75518718836274,42.710387019365584,74.07456701631403,115.119881716273,0.22050828917144905,-6.621811886591686,-1.958591440397031,0.17096245649772226,-5.133962223602934,-1.3710140082779216
40.19490324396698,57.686436974472564,88.24017763036171,105.20529567175431,0.7894594382856325,3.316773634469049,-1.1111049009175582,0.6229014735798475,2.6170099238132787,-0.7777734306422907
96.23993062143852,44.30932843017306,56.88967679639026,36.535983177123946,-1.5096880338382868,-8.755949454558792,-1.7039928626103755,-1.3034865093000527,-7.560013548701874,-1.1927950038272628
69.34049432618473,72.5418641381323,58.26556616836456,30.39065692802368,-1.091112157878565,3.672688636901925,-0.6760173056813688,-0.9558015515503205,3.21723250186969,-0.4732121139769581
78.81035420157068,57.76197177460155,68.56263185441387,48.58259573118406,0.358936143041934,-0.5160487147135859,1.5882761071492624,0.3074849218613791,-0.44207640215779015,1.1117932750044837
95.32310853904792,47.23932024662118,94.80610412118152,12.047477477977115,0.24471853348188854,-3.7668582011156886,-0.7517558478135002,0.21667183339446475,-3.3351461409975967,-0.5262290934694501
53.08543450479759,66.99155799664757,62.262948651160485,85.22942416031839,4.051277153073968,5.027056147971519,0.5294134071257222,3.311429760662811,4.109011234712704,0.3705893849880055
39.872512309252116,54.68779009300873,58.062703142596206,112.80228129690177,0.4172905139458723,-2.0000722671885804,-0.16615784194973238,0.32613906414007393,-1.5631836229999014,-0.11631048936481266
59.24863324094975,71.78473997094989,76.82840067885446,52.14757016372284,0.2649965078489179,0.021058381526250107,0.4483240659731595,0.22546258544299608,0.017916753630807376,0.31382684618121165
58.562460766908046,97.19233149431133,58.1788438855055,66.52998624479203,-4.028025782149484,-0.307568598454672,0.940289464883589,-3.438702376584277,-0.26256953844629727,0.6582026254185123
29.516264859216903,95.01090445775174,66.07664957411659,72.975505429751,4.201071903907626,1.012757049349889,-0.35569831557103465,3.443464316874178,0.8301197505939677,-0.25098882089972424
34.97911556922732,99.31623391117459,90.91539343519315,88.99375592778183,-6.032121925918963,1.5811901032934446,0.47752933726679525,-4.907402243129178,1.2863692005916778,0.33427053608675666
47.310965390538215,43.006401381816026,67.12018384053144,95.33484365950612,7.850221093410448,-0.006719486117211522,0.4080361768812668,6.233694685260272,-0.00533580193450885,0.28562532381688677
36.95636888644341,95.42699896559081,71.89948014601863,76.68163791169975,-0.12463757666531827,-4.776595782705479,-0.25583207134082336,-0.10269152221613054,-3.9355377813091454,-0.17908244993857633
24.965048523212417,67.49572249219084,56.451502859102085,18.279205218909084,-0.3716367571790169,0.7809270644215814,0.6168141996897798,-0.3167188696281947,0.6655271103512699,0.42976993978284583
45.532519568645604,83.57080770303406,73.05497150774538,79.19415613551345,-4.95894732408906,1.5533444828408662,0.4633698060326869,-4.089626846322227,1.281037866192594,0.3243588642228808
47.41709142039647,50.63413007495635,83.90470304399142,101.52090735694905,2.2119351931648836,-4.914941843317622,0.3310401549961956,1.7536056445935468,-3.896529060129801,0.2317281084973369
79.9694895138294,99.50846298985769,76.57069057986219,79.19948625613816,3.046944632969043,5.177460787359805,1.794370054600359,2.639314693340816,4.484803623411781,1.2560590382202512
79.08085701493029,64.18841224714491,78.09094650314996,86.37390420258555,0.42412282254811684,0.4576746576904053,0.823753131876182,0.35272667501416,0.38063044868816454,0.5766271923133274
71.76574385146601,60.54174599800325,70.40783341155066,52.80601298802629,0.010476519199845062,1.1907349190391825,0.6700792422021898,0.00891764901415063,1.013557640121686,0.4690554695415329
72.44141906744417,79.77458285260572,50.988322267134585,39.18562112061359,5.0480667691518555,-1.7526066031492065,-1.6550953431851838,4.424334418593375,-1.5360568849745726,-1.1585667402296287
39.734430178091785,80.07094953087918,56.46814017291372,33.0183030722056,-1.1789118867420751,2.168956879188676,0.3398753611927038,-1.008442516560071,1.8553280852938263,0.23791275283489263
92.8261528148202,52.151344475451154,77.10395174753596,84.16693214921187,-1.2755338829256142,-7.630735225713159,0.03605992679779541,-1.0600662873480726,-6.341725036660307,0.025241948758456787
70.0382525531149,59.229469700680966,98.80641953458539,47.96113621963642,-1.7512637708891494,1.6980638939100825,-0.5279176373243135,-1.4940283001627286,1.4486427202785817,-0.3695423461270194
90.00860906580093,76.61364666599475,72.19714431979881,112.31249993228711,2.3709047904230585,-3.341771359957875,0.973894128217401,1.965738210093864,-2.770692302028023,0.6817258897521806
59.18594048739702,77.93215000689173,66.70556334793778,29.30460009190659,-1.8818190191605786,1.89908062152186,-0.9556251674013979,-1.6422280720145208,1.6572919478054529,-0.6689376171809785
98.2563544611649,84.6994915467813,88.23336142809998,91.51081103551688,8.557955507706207,-4.8206047943212855,1.4720145664901334,7.359961409473366,-4.14578753355035,1.0304101965430934
71.58553554874324,57.35920816614007,62.89042048511772,70.31536489152657,-0.5378978652670621,5.089175635101104,-0.4564711442247224,-0.4490417662343287,4.248487609683859,-0.31952980095730565
88.84559354355008,50.06197118066686,50.37535163999999,40.335596223524846,1.5925830212163197,5.057940849242868,-0.07735617982085408,1.373140016862891,4.361004035894143,-0.05414932587459785
81.94687209464409,46.94225003856577,69.50312950782646,119.8331418014299,-3.1950729535158953,0.793751161381974,1.3190131977413961,-2.5324186319830733,0.6291281167868062,0.9233092384189773
69.57348207758892,95.97404694479519,99.04105727665171,8.356876390967356,-0.5293667636123155,1.5140805810415325,0.06191648367995918,-0.4817698019808645,1.3779450314067305,0.04334153857597142
90.78792476050884,79.8071954337452,55.59224011903386,99.90351419088086,2.2863570914842946,-0.9684503152999968,-0.5960888996561666,1.926330122322686,-0.8159508509338651,-0.4172622297593166
60.061291926422264,81.16977493690902,82.63433674346277,119.04504066336659,4.292025344771324,5.527149260435712,0.4945566553228533,3.4487092469408926,4.4411505600516765,0.3461896587259973
98.13312625732713,59.099583257741216,73.0604442918787,50.97323097785471,2.09421466476209,1.818812006712759,-1.0973376745470436,1.8161399911090854,1.5773059358629147,-0.7681363721829304
82.99710997052017,89.92720451691916,91.06153932989227,49.999919764785616,2.9407705694296915,5.205894013900519,-0.27167438368729224,2.6015145866058718,4.605326697115595,-0.19017206858110455
59.30059571130929,93.58186117217818,57.19543480392791,105.48825355907522,3.9678816756484556,-1.2644464875120593,0.35203447180292424,3.2580435086783592,-1.0382420665395884,0.24642413026204696
25.4014784149932,43.16842608400662,50.02593720828528,52.357999163311575,-0.8254027676119848,-0.6446151128032758,-0.2701551293370962,-0.6760700892606679,-0.5279907142939877,-0.19110859053596732
85.85018539329492,50.08005091467227,57.34318674107021,103.29611683446433,-3.1297257319281706,-0.920756985597235,-0.6858526761766428,-2.5361949142338096,-0.7461417977601097,-0.4800968733236499
27.420486193959583,63.66889107632527,86.88987780531863,30.894235118875603,0.13029742747551823,-0.3107875669937533,0.0037962516214591325,0.1098072359835978,-0.26191402524860596,0.0006573761350213924
57.174371028586364,62.074260413309055,60.959460823931614,25.0055209722018,0.050847586781491094,2.4153654866740433,0.4730871980274752,0.044007882180517065,2.0904653787646574,0.33116103861923263
34.103309201770415,50.52079068723531,91.15538114034499,47.82079481690549,3.3693015037039444,0.9542584220124508,-0.5614830267828836,2.7930587139827683,0.7910541096020351,-0.39303811874801853
55.898360576100046,63.57509060182444,93.75420995270412,117.07147749940796,-8.578052449890302,-4.961894595558494,-1.18707042637437,-6.7927903303842285,-3.9292263396601785,-0.830949298462059
72.48591032760507,57.3450148982915,86.736256539029,67.97047809715735,-3.0129458748324955,8.60098432226562,1.8017419477471466,-2.5224101864677473,7.2006638583702856,1.2612193634230024
22.126221199783338,42.96754822876094,80.07792262280078,58.34304907467306,-0.4090806524298341,-3.49248194135409,-0.08485053166200977,-0.33251411303045664,-2.838803370695782,-0.06139537216340684
86.12891877263439,73.67338407340264,69.26847404285515,32.48361137941284,1.4611518555970509,-4.62171144454963,0.8546857301355617,1.296724346093813,-4.101617315004563,0.5982800110948931
74.13219060077101,43.96475265516369,50.05337325113736,25.473256660889156,-1.1066919660341579,1.2787730972231866,0.612965380474599,-0.9542046747778883,1.1025753369505369,0.4290757663322193
91.2211169458895,68.1973564172404,73.80458783393303,112.26503326111862,2.625426342479306,6.768277198158654,1.960484600783027,2.159146327918845,5.566220092444394,1.3723392205481189
35.638920766560325,80.77162055253747,60.704614466836006,11.89883647185772,-4.628893966520876,-1.701679457446664,0.42022670947458574,-4.023745070960622,-1.479213906989174,0.29415869663221
30.775361993867783,91.61691317313645,66.01986017986539,43.29104238219043,-3.078283700306299,7.985715070466216,0.2975110711855549,-2.596725010297581,6.736450589829185,0.20825774982988843
68.83880538734309,52.3234178603444,94.41827265314203,111.55999451034661,-9.280979172217206,-4.823032468967532,-1.8106186799803947,-7.3948133871638,-3.8428515360762727,-1.2674330759862762
69.56554050482495,47.31813785257737,92.6191158965133,90.5125817925471,4.516973168124109,1.4384390191530636,0.7825588257151592,3.6610386106146526,1.1658649702187782,0.5477911780006114
23.5340082355329,64.0758978511668,66.19683344688181,113.83745984551692,1.9583912971565822,1.9816571550119153,-0.5495526211300829,1.5158137804941192,1.5338217792037416,-0.386686834791058
98.29073151203511,69.91837281257891,74.68360381353229,116.50616742548854,0.30276939672511627,1.144534540762602,-0.7925258304579145,0.24994169165189595,0.9448342612115127,-0.5547680813205401
30.244208843822953,59.2651375847113,59.66041612225653,12.394017492845952,4.469432912693152,-3.5045200146479045,1.6835862095380225,3.8348139231623017,-3.0069099164696205,1.1785103466766156
52.693550189337024,65.89114022124127,81.65745910723547,111.2123269786792,-6.326939009212265,-0.6004757857572187,-1.559383235305609,-5.034665003171529,-0.477828918439376,-1.0915682647139262
56.0837200148204,74.07605382570955,73.09089557248741,79.05040917800412,-2.538870327027914,-2.1996965554787637,0.7744947038653713,-2.1029571564224483,-1.8220180700276525,0.5421462927057599
50.287423004778475,45.67838609496332,58.30313162069866,86.77365625744633,0.34094694535223696,2.785223034104816,-0.4471576573299467,0.2739684492120168,2.2380703090768375,-0.3130103601309627
80.44316339787417,55.445341740722284,91.33949409618722,111.30058315500595,2.2758715195242747,2.077441432169483,1.5369656539176446,1.8333545213414328,1.673506878492892,1.0758759577423511
95.64159128175251,63.54908405589663,96.1950200272715,69.4773029700291,0.0817436064009441,-2.0991230719160265,1.620070309136051,0.06990692888629538,-1.7951648302896597,1.1340492163952356
65.01344110655465,41.591946232364464,87.17299806111927,102.25744044830181,-7.049359082028515,2.7854352932692086,0.06046844811736806,-5.605892861906461,2.215073972845043,0.04232791368215764
82.93197699948794,59.84296400476633,93.93818098912698,44.76727050696637,2.88469866928552,0.5939729079998424,-0.43905391010493766,2.4918463754587354,0.5130827887429502,-0.30733773707345635
81.99263227050623,69.7954287307769,76.82439618761254,115.84991441780826,-5.514667645097153,-2.314959123073856,-1.157464632233422,-4.491956966193508,-1.8856434201596617,-0.8102252425633955
67.5418155441264,92.68884547933224,68.72319682244688,12.132739912270196,2.149946534249724,2.6384927447678876,-0.2511025880369125,1.9411814307004576,2.382288600943595,-0.17577181162583874
98.57154370542756,76.43268582964433,71.24896928330507,44.398124141663736,-1.2163319426773174,-4.130002724635407,0.8045703015848366,-1.0823193828922582,-3.674968849730017,0.5631992111093855
87.01734865496329,57.06382807440453,65.1898309204972,104.92011076017758,-0.7102968028637957,1.3161552936791396,-1.485055479127436,-0.5794028403891416,1.0736133296338786,-1.0395388353892052
75.21014156627677,49.80350200896727,83.41653703975769,45.20808094498517,-5.470095208689473,0.800695101251283,0.9674662729250108,-4.656641833549556,0.6816243890018523,0.6772263910475075
61.78007151858977,52.8595841712992,56.981182708956034,22.616916361476168,-6.572960680880677,-3.761681048361999,0.87654360408152,-5.682739629318502,-3.2522108383461306,0.613580522857064
52.39952491966538,88.53817615040494,98.72085615544233,9.688233600328694,2.3026080365161277,9.487609345264142,-0.2138045580904907,2.0461965060141396,8.431097600996587,-0.1496631906633435
54.32208970859301,65.86458145827629,51.794944300367945,64.15209015471304,-3.613389568441966,8.084455477315274,0.3268434703880229,-3.0152194653793307,6.74613325258042,0.22879042927161602
76.46376029035906,58.105892001815846,95.14945767030684,5.413769485113424,1.9679550517007265,-4.521587938810915,0.3526272039171724,1.7516746944398434,-4.024660606071588,0.24683904274202065
86.77661314615487,49.34546025847476,76.74490764879353,109.88938294544513,-1.4361899067078827,-0.8888693731672337,-0.377806532758272,-1.15600191275975,-0.7154587918879451,-0.26446457293079034
25.049373656309683,98.12513928169594,65.53270925405414,22.72361900074246,1.3193172499338028,-3.944457685703023,1.328631066849436,1.12986439788873,-3.378036865869855,0.9280417467946052
89.3842432400945,82.47063366408688,91.50095895795141,117.10770484414756,1.416992806724981,-5.618449364963987,-0.02429738377081549,1.1761459554524423,-4.66347921115402,-0.01700816863957084
83.6630852133576,72.74054164486287,77.17477975399304,107.87058915846163,5.157639872885834,4.29111868468738,-2.8670549537827434,4.252786164056473,3.5382870111774185,-2.0069384676479203
56.51230863214763,63.18048743339091,68.07995147863313,46.98082100213177,4.370652203436773,-3.802987508567066,0.3364009386898723,3.706837963091931,-3.2253901280078674,0.2354806570829106
55.68583143361809,95.84106931267723,80.61105042969763,4.22111786213037,1.6177437115371864,-6.549263406213455,1.8623175613948801,1.4559580194322745,-5.894291233924927,1.303622292976416
37.49633809213079,70.94534057728308,96.8088465820098,117.26312758972288,4.1388575961343,-1.1339467142375057,-0.2040695150484347,3.239862143219139,-0.8876437390156139,-0.1428486605339043
25.066278296204647,51.70745446554018,78.42848573518677,109.49385555547701,2.28111849491064,-0.030781413199500084,0.513199811077181,1.76870183696218,-0.02386686276566288,0.3572398677540267
84.046689653908,77.067334510335,93.20684145963625,113.8611728406941,4.787676077523398,-2.982555820879578,2.2292736105559734,3.9435302920062645,-2.4566823312162027,1.5604915273891813
55.02732525406698,96.74161910946839,68.91549111867076,92.4927856398444,-0.7329308946386284,1.36685708711831,1.4011862750338961,-0.6077756860849409,1.1334527033588786,0.9808303925237273
72.2553508018255,80.37120368109362,71.7379873404523,27.437472319453757,2.2913083495672515,2.609246172837439,-0.2709281301578081,2.030379922647053,2.3121117869506134,-0.18964969111046565
35.03228632291814,46.43874176995123,74.88238511826894,62.345951773163286,-0.29207074129307764,-1.5399569658539807,-2.95561882434507,-0.23844415574741232,-1.2572082262835749,-2.068933177041549
58.902449013646546,68.67679484438986,71.08830313572807,8.01909056417555,-4.867399004913397,5.035469188257309,-0.1440276600546764,-4.3029610166687045,4.4515412843359305,-0.10081936203827348
24.066676955878172,98.88322607518009,73.45025395063361,107.61064459088381,-2.076270647046257,-1.1394075403183612,0.5098982484765356,-1.6354978867498604,-0.8975220195828446,0.3549287739335749
71.85469837337075,86.90542285443671,71.40849317544367,76.5524093095974,8.048561825630618,0.31759897313260554,1.7853183942247275,6.850965621869203,0.27034142168647124,1.2497228759573091
73.002367549296,80.31125131684404,98.02934812533125,44.5094785850003,1.6089708425524563,3.459936348628603,0.040256502000462865,1.4046661899113095,3.0205989317083226,0.028179551400324004
78.92584744925864,67.58256786721552,60.77475709063502,89.4244611337213,0.3831987580648063,3.9376537259780884,-0.013415786924808768,0.31874493599713444,3.2753425172988186,-0.009391050847366137
79.78158401536558,93.6812732120689,63.62932487079458,13.286911032066522,-5.099982695218447,-1.367371609097185,1.7058526805445642,-4.661949643341353,-1.2499292578624466,1.1940968763811948
43.30635628467726,71.76348124157724,94.14127830170389,91.26552272758403,2.721633355974876,-2.8332021161246823,0.8780585789081998,2.1992586464571273,-2.2894135381493896,0.6146410052357398
58.272394086934234,48.84555720913515,63.67148510633363,36.99998447434131,-0.07939846363976358,-2.178890534329436,-1.0717013268617444,-0.06739845678799548,-1.849580618965893,-0.750190928803221
25.594530518148897,68.86738610578898,89.11055976338974,89.75881547429363,2.4919195804686796,-4.135176737750871,-0.5662949155810063,1.9831175261723257,-3.290853174688526,-0.3984064409067044
39.260245697141556,61.648633685050925,58.81777882089007,56.09814473142862,1.7455180437440316,-7.375173215653908,-0.043133589640907445,1.4476015583442556,-6.116414710408471,-0.030193512748635208
45.107741768931724,56.36825980875014,56.544516542524754,52.65860421623384,3.1346183516002095,-6.9911334251145085,-1.6823264817910268,2.612076111027417,-5.825708446906954,-1.1776285372537187
81.05243918559204,95.80020084128304,74.89659263944438,77.1598108008999,-6.770857574995913,-4.438048708953989,-2.7496760196305754,-5.863024721309997,-3.8429975829156113,-1.9247732137414026
91.18235732318949,94.51649479333852,89.5725743903811,55.311766928773224,4.194819427808428,-0.5963594817463892,-2.134693667476856,3.7414976857082802,-0.5319126744795376,-1.4942855672337991
59.545162682769416,64.44174327177834,78.40836756456822,66.25952439653125,-4.07689833761364,7.030643851647985,-0.959427753141868,-3.4056954130118005,5.873149029782433,-0.6715994271993075
83.44039831677043,90.87021203341928,99.74121068104338,104.74944196645009,-0.9131493805029747,2.939729117964793,0.2369553887192461,-0.7688927016481264,2.475319276218082,0.16586877210347226
41.44680838564408,76.37796389156293,96.94026771035192,41.356906381394126,-2.8113403218309676,1.9291710504559296,0.39550910636250813,-2.3856210339371042,1.6370380349515425,0.27685637445375566
35.61484238549245,43.4767206722878,97.46467615046288,48.34555302091555,-4.81569756010543,-2.1992988784181753,-0.7286104852595274,-3.9816559349297904,-1.8183972981364818,-0.5100273396816691
34.036979726327026,88.71929209063269,63.23558553097687,109.59422204423709,0.4897350921368969,-2.858012876094512,-1.146832082167441,0.38812582970836423,-2.265038051513152,-0.8027824575172086
38.8205110732516,56.572441807393965,98.22594430696009,31.751712641538994,2.5540048582429793,-5.554844052793846,0.02512871121603335,2.1621192235132183,-4.7025106751073515,0.017590097851223344
82.06328691496724,86.31096059374931,68.91590071118928,100.21509492968805,-4.418362546000079,0.10298251454740454,1.0287809197455093,-3.7143297679264213,0.08657302685711601,0.7201466438218564
99.52622179619028,42.31865858961308,60.39990368542303,62.2697570984501,1.9257087360925427,-2.4607417831423075,-0.11936619927687682,1.6220290060166132,-2.072688602261216,-0.08355633949381377
79.76606405039091,62.292592504381695,59.44182102378195,23.45949928759048,-1.594347457512007,-4.852547886445676,-1.4099697030838758,-1.4044937577221637,-4.27471012259541,-0.986978792158713
71.38019348543949,81.42411727093008,99.14935857679535,49.42121283611685,1.122973762136125,0.8351027682495529,1.5777682049318862,0.9753967302299387,0.7253566708514466,1.1044377434523203
78.38521970422933,85.27438829308808,54.88939987227215,56.18776868323008,-4.976172772706005,-1.0932440457955448,1.3581210958672605,-4.338686732294216,-0.9531910673739411,0.9506847671070823
43.15437660064519,87.76362685755225,95.38024456952412,96.32647263460387,1.0087667208161346,-0.8833094374456918,-0.04257862104444418,0.8179208362388675,-0.7161984815961706,-0.029805034731110926
30.803047684498885,96.62790208622268,70.10238990785346,26.962736945504847,-6.219453237641263,1.1340438346649295,-0.7601900886189056,-5.33749837976515,0.9732297838454869,-0.5321330620332339
32.955325619970495,78.3550204213702,89.1452637085862,25.31212661864555,0.6734739121886346,3.9621830094496238,-2.3442978937886774,0.5762057256176215,3.389934628010168,-1.6410085256520741
38.21289174393713,43.03215931900346,93.37117697412918,36.69602744862809,-2.907694585618675,0.5107840295067094,-0.017037889337463016,-2.4339933681131143,0.42757067626925355,-0.01192652253622411
82.46706836152384,96.31068753766394,86.41874828732045,52.94672981766697,0.02898668485274456,-0.7132365139359171,-1.4711152343848903,0.02571313785301763,-0.6326887292495442,-1.0297806640694231
85.64047550868833,84.96117170194036,64.3927438024077,14.14126810869973,-5.222370424155471,0.18710269416115913,-0.11916883732792043,-4.75991979359237,0.17053440201269945,-0.0834181861295443
66.61154794516301,63.70611025287345,89.34456907250139,109.57845004166494,4.455089690641323,1.8770393921331276,-0.3856299815231613,3.585335299256021,1.5105903714679627,-0.2699409870662129
61.8472399423452,51.31181403244962,89.76161292913548,115.27515427545993,2.6312876304240964,0.45017557371943046,2.3869517995739225,2.0774405728586847,0.3554202858483959,1.6708662597017456
48.16405393913905,78.29341317558021,73.6966368819039,118.39544962358761,-2.436742180529649,0.783885999307067,0.001999356415087233,-1.9323193020299776,0.6216160491475815,0.001399549490561063
42.724104842121235,87.26757103833236,69.13915813901278,117.59742478681899,0.4729320815382872,1.5750723569764122,-0.227419412643884,0.37513272958676014,1.249357393237826,-0.15919358885071877
46.948523506661495,76.3817704129321,82.9240384196646,99.55144909028459,-0.9821015639332238,-5.252342909736436,-1.0254101277779044,-0.7917888957579484,-4.234538407603094,-0.7177870894445331
65.08185895756299,69.73630469206859,52.76049783539902,41.79310601537475,-1.884106710015529,0.867816462981562,-0.14139550214380217,-1.6240080370816559,0.748015440474821,-0.09897685150066152
95.6118630136618,43.05284407270088,87.48528755223184,30.913513941844375,-4.836821609772715,-1.8615712287996509,-1.2490599706780527,-4.19078096370858,-1.6129264003614474,-0.8743419794746369
62.5034203854884,86.75619661448805,62.28498714974905,27.689556632066036,0.7127161254843043,-3.947835582269841,-0.4934013403826786,0.6286683244530673,-3.4822829061644933,-0.34538093826787497
70.84482832081478,84.63968336169945,76.58064593477197,57.13605853084924,-1.587034044290075,0.9093274988192832,1.0249216931253993,-1.3716005074942286,0.7858899204754672,0.7174451851877794
91.04469560118957,88.7051422731559,67.4781805726017,69.43311561750292,-0.39608943405114033,-3.544393479858566,0.12659671027769356,-0.34666334837964,-3.1021057520663176,0.08861769719438549
93.75180051993604,59.9297828622071,58.45673536914279,25.41265961595724,3.6656035012581545,-4.8919015709144125,-0.6627014083552638,3.24719363970005,-4.333516066770378,-0.46389098584868466
99.18584553638988,44.44346100214442,56.62710404757068,99.27055147088838,-1.8524530734496263,0.25646360104993743,0.03752323233959842,-1.5091290191240554,0.2089319660728452,0.026266262637718894
90.57400562631584,78.30805166588443,76.10625464515755,85.52996325135597,-1.807787597562915,3.2011841889539627,-1.3683342975511175,-1.5411439318196463,2.729018383627726,-0.9578340082857821
33.57712840788486,87.79430378816149,63.03518906679723,18.423785560445694,5.170877827411342,1.7730410396658882,-1.3118031657772113,4.47146374283133,1.5332191144394074,-0.9182622160440479
74.88398956047202,91.38457783934436,53.8872333462521,91.80292862136515,-1.7211159690554716,3.1249953571303437,-0.7745100615133954,-1.4543259114867397,2.640590060671234,-0.5421570430593767
92.7837298186587,57.701152522743726,78.44169026921595,34.780093661938984,2.2007870276360606,5.984803839042248,2.2676442038992546,1.9272582648594896,5.240971760337171,1.587350942729478
69.88370957141967,48.10478753305144,84.67702347933599,80.9700427656268,-2.205288785894843,-3.7000420594839603,-1.0518872728984137,-1.8057817034719277,-3.029747530494777,-0.7363210910288895
52.72281056365838,45.20268901859195,61.11839639484053,52.91551581576441,9.833491395337372,-1.579845578375383,0.07201764191705222,8.176545297086728,-1.3136411488714494,0.05041234934193655
57.80447866694857,69.9516535253334,80.985969468982,111.35647297989891,-4.7138089207284795,0.737334072036171,-1.121431046017255,-3.7774108269673388,0.590862666187775,-0.7850017322120785
79.00121098381805,44.31102012917406,75.7843719260986,57.79099070472522,-3.4419559253066074,2.4071639605995534,1.2128836917231558,-2.887021246002418,2.019065219797426,0.849018584206209
96.97599908277616,67.03458781605289,59.044221516104514,26.0299347366946,-5.804174479537858,-0.027665803806327216,0.27384239830845625,-5.189997128942536,-0.024738305650687183,0.19168967881591936
81.53940650385772,84.00798656799014,51.60745439014251,68.39794843128395,-0.5182534159171397,-1.9721499889877434,-0.4430121532414673,-0.4476575859666298,-1.703506192375048,-0.3101085072690271
70.13113741579852,59.574301729843405,82.0780662982176,49.47103157568902,0.32323913389060327,-6.723205740633135,0.4770351272264581,0.275465459871626,-5.729538186987765,0.3339245890585206
60.01677194506817,85.36558886277118,92.48650957006134,119.85943331457659,-6.908418544506373,0.9583134586323183,-0.007116855128515773,-5.563668098725212,0.7717740296165888,-0.004981798589961041
41.029706572782615,74.94668449236264,99.67612615729215,118.83337045113053,1.6939380288303445,-0.9128996044160409,-2.107689387614403,1.3308995122443585,-0.7172503465692383,-1.4753825713300819
94.6346766762804,52.231637639772636,76.42708644712265,99.94044655938147,2.3582803778371524,3.011853977865059,1.5588162477990857,1.9325562559953278,2.4681447133125682,1.09117137345936
98.80373573766968,94.3664086459109,89.92241724140288,32.29566008673669,-3.9106466071794617,1.4511569975934604,0.5786616338151667,-3.587631143089937,1.3312928937432547,0.40506314367061663
60.44022554856536,78.20021679497836,70.41615113164944,89.90089887786395,-3.152422642994368,-2.055622669673226,0.010985513527525621,-2.601832068226364,-1.6965951548453093,0.007689859469267934
35.09697680231354,91.03125273528146,72.31411692902208,27.344134386340055,0.11443328838644776,-3.9140703602229037,-0.3845501100179167,0.0984210857934296,-3.3663897993045917,-0.2691850770125417
45.308916586937215,50.620084667280466,82.79364304914202,33.00372487563034,2.352400102837529,1.6629482357180307,-0.69193369617461,1.9913829801806262,1.4077396143350718,-0.48435358732222694
21.73787645632717,90.92752678816532,57.76985596286378,72.78796022345158,2.294663214099839,-3.7961371785268336,1.412513069961006,1.8622003037081991,-3.0806994958272256,0.9867591489727041
84.22018001697725,93.58314908519516,50.550833369211425,21.432501083654127,2.374833829900098,-1.2977235931172157,0.23556987063989387,2.165064510148032,-1.1830955328601083,0.1648989094479257
36.22323620873271,79.59917465422686,86.24084111234365,71.93121702959223,-3.7256546114416027,-6.399383590045258,0.7298287890155296,-3.0598370020812777,-5.255739659601865,0.5108801523108707
58.17863279806372,61.579977619996654,61.220794633734315,5.515589920816808,4.977372224732448,-1.5988349325853242,0.10144743065004946,4.387125149565786,-1.4092353607583443,0.07101320145503462
55.13428105647478,78.6405640869921,80.52020545871537,93.19781230664591,-5.4642102276610816,1.9000037856715857,1.0245126754266898,-4.474093475390603,1.5557224532939313,0.7171588727986828
58.00179552034885,76.20435744925652,62.27830194047258,5.106218117613182,-2.035578769985618,-5.428567943218192,0.45301875631217164,-1.811899036220717,-4.832049326416003,0.31711312941852016
34.13335850617293,89.46493256100956,96.28433343683622,24.161798286325826,2.110279303143278,-0.4550912152447144,0.6191050184648526,1.817389307394675,-0.39192817142406383,0.4333735129253968
96.15430320647263,40.72311178095551,88.15096483883741,116.42418870838121,1.5241041758509624,-2.7315170912555793,0.5098207077761179,1.2132138600957536,-2.174335879861643,0.3568744954432825
26.252491190831062,90.98735186830217,80.69141279045058,73.76840930259469,-2.1561715894464384,3.5887181199021425,-0.31728672525244067,-1.7570032497493784,2.9243449037009843,-0.22410070767670845
79.18160212529202,44.50103844109254,86.4890383521896,101.87741071498249,3.9514688533670603,-0.19285734664801268,-1.1923953304424335,3.175932659610903,-0.15500614292920717,-0.8346767313097034
97.556686698047,83.98746847357272,68.44942766501725,20.97688634796061,-6.0170639685661635,-1.4125724148176693,-0.8631856623442771,-5.506539451518673,-1.2927211296000312,-0.6042299636409939
78.73170766087344,52.91462489074899,92.97805667094491,45.38406276116173,-4.066770422330307,-2.3704596440324726,-0.8016188407684506,-3.4785256538707916,-2.0275805680979393,-0.5611331885379154
94.13363904650255,55.47364054886765,84.64632952929276,118.47751439485725,-1.3288676479686057,-6.309996687462589,-0.7521608680675204,-1.072977365591087,-5.09492697256337,-0.5265126076472643
47.17887581992243,44.27466864199547,73.76528089418021,90.45248155727468,0.8587985314836626,-6.217394037198031,-0.6539631336369219,0.6857732186797669,-4.964752691558131,-0.4577741935458453
61.60575298091905,90.56391812838832,72.31947460718547,114.3570193872124,-1.0022814755281146,-2.0511807399144555,0.16432065938191598,-0.8161647896025278,-1.6702907695135578,0.11502446156734118
59.141215266463824,48.4983380783743,57.634506692071035,82.50407221318461,1.6978285397398944,0.8343593119309884,-0.0886139452531673,1.37979002218729,0.6780664988101799,-0.06202976167721711
55.28619436938274,64.86122631966168,76.0938217344428,33.55635949230363,0.366415104608441,5.938053390397977,-1.340356208021204,0.3147557838376201,5.10087227807283,-0.9382493456148426
72.10679989920371,46.52001824825611,50.688867764702515,29.79530974623513,1.710339835635575,0.5971877748892749,-0.5604494688030756,1.47039258059631,0.5134070172046835,-0.39231462816215285
50.227011535425916,71.82647077618473,79.67577962210962,2.6197669974973925,0.6943340621925383,-2.685259739857241,-0.8062818206846841,0.613777754914015,-2.3737171834636825,-0.5643972744792789
28.022991879620022,86.9692339389187,97.12021254042612,2.6722584755520007,3.3780967245503306,0.3075367297825463,0.3920109373657567,2.9464893813451356,0.2682438611341131,0.2724076561560297
83.00444678905734,77.94130304597807,96.45813161355349,117.72057736245274,-1.5818284294872798,-2.3305719889215273,0.43400982345010697,-1.297919150955288,-1.9122769326390656,0.30380687641507487
31.7394586566122,60.177149825641706,99.3823723878231,1.9476547610965733,-3.888258833255022,4.160744400238559,0.625675571596154,-3.373226980673805,3.6096195938743008,0.4379729001173077
58.383880220412266,98.6827447472788,73.7438418237852,15.710557457579885,0.557542243403742,-0.09829076286411192,-0.660300116021989,0.49902616081556755,-0.08797479045940564,-0.46221008121539225
53.892409644048406,95.80633115500744,75.12064968154692,116.53621821627935,0.4547544895812585,-0.2442957501674826,-1.333474318734201,0.36762506002560613,-0.19748950670507576,-0.9334320231139407
55.8601883642995,56.76924241421138,92.77376817089407,46.78673626471308,-1.6732907021383856,4.578863124079685,-0.49346820915387574,-1.412729248583302,3.865851792745996,-0.345427746407713
44.11205093761485,41.8641760041904,69.59188549550264,24.022011670183147,-1.6189450071360305,3.487942095744414,-0.9936978771064832,-1.3748882982364554,2.9621332109660674,-0.6955885139745381
41.07803425514541,61.313070047271985,67.44303260231987,86.01021001963312,-2.672037610587312,-4.8270223797200575,-0.9943351084951194,-2.154672440279514,-3.892404825809763,-0.6960345759465836
65.75605005129621,52.829849276679866,95.00456390718412,41.11803552403687,2.6840355266517126,-4.2864667217768915,1.1589495823768998,2.286380615905233,-3.651402645783709,0.8112647076638299
39.077315497259406,84.82665236124467,56.53759066881593,96.83330692248428,-1.7250091911344578,-6.335746623803857,-0.6027193630302223,-1.3898077046039017,-5.1045927856128195,-0.4219035541211556
77.0869287925934,99.56847743622669,67.07691311008114,19.542786149124296,1.3289065321489428,-1.0815782781868735,-0.17287108244343635,1.2107933891821063,-0.9854476574766781,-0.12100975771040544
69.04875351953116,40.84748400860944,96.38342012271107,31.748913338551397,-1.1975351175621651,-4.924199579606517,-1.977749062367128,-1.0212645920395715,-4.199384720362679,-1.3844243436569896
